Bénéficiaires,Aides directes (1) (en €),Dont aides au pluralisme (Aides directes) (en €),Dont aide au portage (Aides directes) (en €),Dont FSDP (Aides directes) (en €),Dont FSEIP (bourses d’émergence) (en €),Aide filière (aide à la distribution) (2)  (en €),Aide aux tiers (modernisation sociale) (3)  (en €),Total des aides individuelles (1+2+3) (en €),propriétaire,,Diffusion annuelle (en exemplaires,Aide par exemplaire (en €),Année,Type média,Type média,,
1 JOUR 1 ACTU,127 125,127 125,,,,,,127 125,Indépendants ,,Nc.,-,2017,Actualités,,,
acteurspublics.com,241 494,,,241 494,,,,241 494,Indépendants ,,-,-,2017,Politique,,,
actu.nc,3 671,3 671,,,,,,3 671,Indépendants ,,-,-,2017,Actualités,,,
africanintelligence.fr/.com,32 399,,,32 399,,,,32 399,Indépendants ,,-,-,2017,Politique,Economie,,
ALBERT,1 500,1 500,,,,,,1 500,Indépendants ,,Nc.,-,2017,Actualités,,,
aleteia.org,22 583,,,22 583,,,,22 583,Indépendants ,,-,-,2017,Actualités,Religion,,
alimentation-generale.fr,39 687,,,39 687,,,,39 687,Indépendants ,,-,-,2017,Alimentation,,,
ALTERNATIVES ECONOMIQUES,187 029,187 029,,,,,,187 029,Indépendants ,,998 424,"0,187",2017,Economie,Politique,,
aoc.media,50 000,,,,50 000,,,50 000,Indépendants ,,-,-,2017,Actualités,,,
AUJOURD'HUI EN FRANCE,124 627,,124 627,,,8 199 000,,8 323 627,LVMH,,43 365 030,"0,192",2017,Actualités locales,,,
biotechinfo.fr,19 585,,,19 585,,,,19 585,Indépendants ,,-,-,2017,Sciences,Technologies,,
BOUDU,2 891,2 891,,,,,,2 891,Indépendants ,,-,-,2017,Actualités locales,,,
BRETONS,9 990,9 990,,,,,,9 990,Indépendants ,,-,-,2017,Actualités locales,,,
brief.me,94 671,,,94 671,,,,94 671,Indépendants ,,-,-,2017,Actualités,,,
cadredeville.com,44 421,,,44 421,,,,44 421,Indépendants ,,-,-,2017,Urbanisme,,,
cameditsport.com,30 000,,,,30 000,,,30 000,Indépendants ,,-,-,2017,Sports,,,
CAUSETTE,122 443,122 443,,,,,,122 443,Hildegarde,,576 223,"0,212",2017,Actualités,,,
CAUSEUR,23 930,23 930,,,,,,23 930,Indépendants ,,Nc.,-,2017,Actualités,,,
CENTRE PRESSE AVEYRON,620 018,84 000,536 018,,,,,620 018,Les Journaux du midi,,5 669 889,"0,109",2017,Actualités locales,,,
CENTRE PRESSE VIENNE,37 869,,37 869,,,,,37 869,Groupe NRCO,,3 451 204,"0,011",2017,Actualités locales,,,
CHARLES,3 811,3 811,,,,,,3 811,Indépendants ,,Nc.,-,2017,Politique,,,
CHARLIE HEBDO,281 604,281 604,,,,,,281 604,Indépendants ,,Nc.,-,2017,Satire,,,
chine-magazine.com,3 309,,,3 309,,,,3 309,Indépendants ,,-,-,2017,Actualités étrangères,,,
CLARA MAGAZINE,2 353,2 353,,,,,,2 353,Indépendants ,,Nc.,-,2017,Actualités,,,
coeursdathletes.fr,21 566,,,21 566,,,,21 566,Indépendants ,,-,-,2017,Sports,,,
CONCORDE,3 671,3 671,,,,,,3 671,Indépendants ,,Nc.,-,2017,Actualités locales,,,
consoglobe.com,41 172,,,41 172,,,,41 172,Indépendants ,,-,-,2017,Environnement,Ecologie,,
contexte.com,313 690,,,313 690,,,,313 690,Indépendants ,,-,-,2017,Actualités locales,,,
CORSE MATIN,72 300,,72 300,,,,,72 300,Groupe La Provence,,11 814 521,"0,006",2017,Actualités,,,
COURRIER INTERNATIONAL,294 944,281 604,,13 340,,,,294 944,Le Monde SA,,8 805 582,"0,033",2017,Actualités,,,
DEMOCRATE IndépendantsPENDANT,6 195,6 195,,,,,,6 195,Indépendants ,,259 825,"0,024",2017,Actualités locales,,,
DEMOCRATE VERNONNAIS,4 229,4 229,,,,,,4 229,Indépendants ,,241 958,"0,017",2017,Actualités locales,,,
editionscdp.fr,13 805,,,13 805,,,,13 805,Indépendants ,,-,-,2017,Médecine,,,
entraid.com,104 046,,,104 046,,,,104 046,Indépendants ,,-,-,2017,Agriculture,,,
ernestmag.fr,8 000,,,,8 000,,,8 000,Indépendants ,,-,-,2017,Actualités littéraires,,,
espaceinfirmier.fr,13 805,,,13 805,,,,13 805,Indépendants ,,-,-,2017,Médecine,,,
esprit.presse.fr,41 507,,,41 507,,,,41 507,Indépendants ,,-,-,2017,Actualités,,,
FAKIR,18 511,18 511,,,,,,18 511,Indépendants ,,-,-,2017,Reportages,Enquêtes sociales,,
FAMILLE CHRETIENNE,281 604,281 604,,,,,,281 604,Media participations,,2 774 107,"0,102",2017,Actualités,Religion,,
FRANCE ANTILLES GUADELOUPE,791,,791,,,,,791,Hersant Média,,Nc.,-,2017,Actualités locales,,,
FRANCE ANTILLES MARTINIQUE,19 439,,19 439,,,,,19 439,Hersant Média,,Nc.,-,2017,Actualités locales,,,
GRAND EST MAGAZINE,8 540,8 540,,,,,,8 540,Groupe EBRA,,Nc.,-,2017,Actualités,,,
HAUT ANJOU,13 123,13 123,,,,,,13 123,Groupe Sud Ouest,,594 685,"0,022",2017,Actualités locales,,,
HAUTE GIRONDE,6 057,6 057,,,,,,6 057,Indépendants ,,247 789,"0,024",2017,Actualités locales,,,
HAUTE PROVENCE INFO,3 671,3 671,,,,,,3 671,Indépendants ,,Nc.,-,2017,Actualités locales,,,
HAUTE SAINTONGE,9 075,9 075,,,,,,9 075,Indépendants ,,Nc.,-,2017,Actualités locales,,,
HAVRE LIBRE  (*),244 449,33 718,210 731,,,,,244 449,Hersant Média,,Nc.,-,2017,Actualités locales,,,
HAVRE PRESSE - PROGRES DE FECAMP (*),260 123,37 772,222 351,,,,,260 123,Hersant Média,,Nc.,-,2017,Actualités locales,,,
HERRIA,4 451,4 451,,,,,,4 451,Indépendants ,,Nc.,-,2017,Actualités locales,,,
HOMME NOUVEAU,21 101,21 101,,,,,,21 101,Indépendants ,,Nc.,-,2017,Religion,,,
Intelligenceonline.fr/.com,32 399,,,32 399,,,,32 399,Indépendants ,,-,-,2017,Economie,Politique,,
IPAR EUSKAL HERRIKO HITZA,3 781,3 781,,,,,,3 781,Indépendants ,,Nc.,-,2017,Actualités locales,,,
JEUNE AFRIQUE,415 204,,,415 204,,,,415 204,Indépendants ,,2 133 654,"0,195",2017,Actualités étrangères,,,
KEZAKO,1 500,1 500,,,,,,1 500,Indépendants ,,Nc.,-,2017,Société,,,
kineactu.com,29 015,,,29 015,,,,29 015,Indépendants ,,-,-,2017,Médecine,,,
LA CHARENTE LIBRE,66 832,,66 832,,,,,66 832,Groupe Sud Ouest,,9 529 805,"0,007",2017,Actualités locales,,,
LA CHRONIQUE REPUBLICAINE,10 278,10 278,,,,,,10 278,Indépendants,,644 053,"0,016",2017,Actualités locales,,,
LA CROIX,4 392 565,2 921 455,1 349 442,121 668,,232 200,,4 624 765,Bayard ,,30 303 754,"0,153",2017,Actualités,,,
LA DECROISSANCE,21 419,21 419,,,,,,21 419,Indépendants ,,Nc.,-,2017,Politique,,,
LA DEPECHE - Evreux - Louviers - Verneuil,10 320,10 320,,,,,,10 320,Groupe La Dépêche du Midi,,598 017,"0,017",2017,Actualités locales,,,
LA DEPECHE DU BASSIN,6 549,6 549,,,,,,6 549,Groupe La Dépêche du Midi,,220 320,"0,03",2017,Actualités locales,,,
LA DEPECHE DU MIDI,1 186 883,,512 960,673 923,,,352 343,1 539 226,Groupe La Dépêche du Midi,,43 570 131,"0,035",2017,Actualités locales,,,
LA DORDOGNE LIBRE,101 758,38 613,63 145,,,,,101 758,Groupe Sud Ouest,,1 596 280,"0,064",2017,Actualités locales,,,
LA DROME HEBDO,3 671,3 671,,,,,,3 671,Indépendants ,,127 271,"0,029",2017,Actualités locales,,,
LA GAZETTE     -     L'hebdo de Thiers et sa région,4 877,4 877,,,,,,4 877,Groupe La Montagne,,187 285,"0,026",2017,Actualités locales,,,
LA GAZETTE ARIEGEOISE,4 851,4 851,,,,,,4 851,Indépendants ,,Nc.,-,2017,Actualités locales,,,
LA GAZETTE DE LA HAUTE LOIRE,4 018,4 018,,,,,,4 018,Groupe La Montagne,,165 463,"0,024",2017,Actualités locales,,,
LA GAZETTE DE LA MANCHE,5 206,5 206,,,,,,5 206,Indépendants,,407 559,"0,013",2017,Actualités locales,,,
LA GAZETTE DE MONTPELLIER,20 195,20 195,,,,,,20 195,Indépendants ,,798 259,"0,025",2017,Actualités locales,,,
LA GAZETTE DE NIMES,7 185,7 185,,,,,,7 185,Groupe La Dépêche du Midi,,288 993,"0,025",2017,Actualités locales,,,
LA GAZETTE DU CENTRE MORBIHAN,8 870,4 201,4 669,,,,,8 870,Indépendants,,346 502,"0,026",2017,Actualités locales,,,
LA GAZETTE DU COMMINGES,4 360,4 360,,,,,,4 360,Groupe La Dépêche du Midi,,Nc.,-,2017,Actualités locales,,,
LA GAZETTE DU VAL D'OISE,2 422,2 422,,,,,,2 422,Indépendants,,Nc.,-,2017,Actualités locales,,,
LA LIBERTE DIMANCHE DE ROUEN,1 811,,1 811,,,,,1 811,Indépendants ,,633 154,"0,003",2017,Actualités locales,,,
LA LIBERTE LE BONHOMME LIBRE,11 801,11 801,,,,,,11 801,Indépendants,,665 588,"0,018",2017,Actualités locales,,,
LA MANCHE LIBRE,118 415,36 712,,81 703,,,,118 415,Indépendants ,,3 143 131,"0,038",2017,Actualités locales,,,
LA MARNE,5 890,5 890,,,,,,5 890,Indépendants,,359 785,"0,016",2017,Actualités locales,,,
LA MARSEILLAISE,574 962,57 810,517 152,,,,,574 962,Indépendants ,,Nc.,-,2017,Actualités locales,,,
LA MAURIENNE,4 402,4 402,,,,,,4 402,Indépendants ,,141 036,"0,031",2017,Actualités locales,,,
LA MONTAGNE,743 969,,499 385,244 584,,,58 348,802 317,Groupe La Montagne,,57 116 848,"0,014",2017,Actualités,,,
LA MONTAGNE DES HAUTES PYRENEES,4 532,4 532,,,,,,4 532,Groupe La Montagne,,Nc.,-,2017,Actualités locales,,,
LA NOUVELLE REPUBLIQUE DES PYRENEES,364 544,74 231,290 313,,,,,364 544,Groupe La Dépêche du Midi,,2 989 201,"0,122",2017,Actualités locales,,,
LA NOUVELLE REPUBLIQUE DU CENTRE OUEST,634 740,,521 070,113 670,,,,634 740,Groupe La Dépêche du Midi,,50 223 312,"0,013",2017,Actualités locales,,,
LA PRESSE BISONTINE,5 429,5 429,,,,,,5 429,Indépendants ,,Nc.,-,2017,Actualités locales,,,
LA PRESSE D'ARMOR,5 822,5 822,,,,,,5 822,Indépendants,,351 282,"0,017",2017,Actualités locales,,,
LA PRESSE DE GRAY,39 938,7 022,,32 916,,,,39 938,Indépendants ,,308 083,"0,13",2017,Actualités locales,,,
LA PRESSE DE LA MANCHE,918 057,157 853,760 204,,,,,918 057,Indépendants,,7 362 505,"0,125",2017,Actualités locales,,,
LA PRESSE DE VESOUL,5 406,5 406,,,,,,5 406,Groupe EBRA,,246 978,"0,022",2017,Actualités locales,,,
LA PRESSE PONTISSALIENNE,8 695,8 695,,,,,,8 695,Indépendants ,,Nc.,-,2017,Actualités locales,,,
LA PROVENCE,595 323,,327 006,268 317,,,15 071,610 394,Groupe La Provence,,36 045 043,"0,017",2017,Actualités locales,,,
LA RENAISSANCE,6 854,6 854,,,,,,6 854,Indépendants ,,Nc.,-,2017,Actualités locales,,,
LA RENAISSANCE DU LOIR ET CHER,4 381,4 381,,,,,,4 381,Indépendants ,,Nc.,-,2017,Actualités locales,,,
LA RENAISSANCE LE BESSIN,3 384,3 384,,,,,,3 384,Indépendants ,,452 144,"0,007",2017,Actualités locales,,,
LA RENAISSANCE LOCHOISE,4 428,4 428,,,,,,4 428,Indépendants ,,Nc.,-,2017,Actualités locales,,,
LA REPUBLIQUE DE SEINE ET MARNE,14 764,12 683,2 081,,,,,14 764,Indépendants,,788 412,"0,019",2017,Actualités locales,,,
LA REPUBLIQUE DES PYRENEES,1 144 201,208 997,935 204,,,,,1 144 201,Indépendants,,8 476 676,"0,135",2017,Actualités locales,,,
LA REPUBLIQUE DU CENTRE,188 295,,188 295,,,,,188 295,Indépendants,,10 030 396,"0,019",2017,Actualités locales,,,
LA REVUE DESSINEE,7 799,7 799,,,,,,7 799,Indépendants ,,Nc.,-,2017,Enquêtes,Reportages,,
LA REVUE PROJET,2 814,2 814,,,,,,2 814,Indépendants ,,Nc.,-,2017,Politique,Société,,
LA RUCHE,8 110,8 110,,,,,,8 110,Groupe La Montagne,,373 652,"0,022",2017,Actualités locales,,,
LA SAVOIE,3 671,3 671,,,,,,3 671,Indépendants ,,176 469,"0,021",2017,Actualités locales,,,
LA SEMAINE DANS LE BOULONNAIS,13 976,9 007,4 969,,,,,13 976,La Voix du Nord SA,,440 620,"0,032",2017,Actualités locales,,,
LA SEMAINE DE L'ALLIER,12 935,8 069,4 866,,,,,12 935,Indépendants ,,311 954,"0,041",2017,Actualités locales,,,
LA SEMAINE DE NANCY,3 671,3 671,,,,,,3 671,Indépendants ,,Nc.,-,2017,Actualités locales,,,
LA SEMAINE DES ARDENNES,5 730,3 671,2 059,,,,,5 730,Indépendants ,,106 373,"0,054",2017,Actualités locales,,,
LA SEMAINE DES PYRENEES,3 906,3 906,,,,,,3 906,Indépendants ,,227 717,"0,017",2017,Actualités locales,,,
LA SEMAINE DU MINERVOIS,3 671,3 671,,,,,,3 671,Indépendants ,,Nc.,-,2017,Actualités locales,,,
LA SEMAINE DU PAYS BASQUE,3 671,3 671,,,,,,3 671,Indépendants ,,Nc.,-,2017,Actualités locales,,,
LA SEMAINE DU ROUSSILLON,5 527,3 671,1 856,,,,,5 527,Indépendants ,,Nc.,-,2017,Actualités locales,,,
LA SEMAINE METZ THIONVILLE MOSELLE,3 671,3 671,,,,,,3 671,Groupe EBRA,,204 473,"0,018",2017,Actualités locales,,,
LA TERRE DAUPHINOISE,4 879,4 879,,,,,,4 879,Indépendants ,,148 424,"0,033",2017,Actualités locales,,,
LA TRIBUNE DE LYON,16 091,3 671,,12 420,,,,16 091,Indépendants ,,240 068,"0,067",2017,Actualités locales,,,
LA TRIBUNE DE MONTELIMAR,14 409,14 409,,,,,,14 409,Indépendants ,,666 057,"0,022",2017,Actualités locales,,,
LA TRIBUNE REPUBLICAINE,3 671,3 671,,,,,,3 671,La Voix du Nord SA,,143 214,"0,026",2017,Actualités locales,,,
LA VIE,350 720,281 604,,69 116,,,,350 720,Le Monde SA,,4 384 231,"0,08",2017,Actualités,Religion,,
LA VIE CORREZIENNE,3 671,3 671,,,,,,3 671,Indépendants ,,402 704,"0,009",2017,Actualités locales,,,
LA VIE NOUVELLE,3 671,3 671,,,,,,3 671,Indépendants ,,Nc.,-,2017,Actualités locales,,,
LA VIENNE RURALE,5 042,5 042,,,,,,5 042,Indépendants ,,Nc.,-,2017,Actualités locales,,,
LA VOIX DE LA HAUTE MARNE,4 569,4 569,,,,,,4 569,Indépendants ,,107 729,"0,042",2017,Actualités locales,,,
LA VOIX DES SPORTS,9 001,,9 001,,,,,9 001,La Voix du Nord SA,,Nc.,-,2017,Sports,,,
LA VOIX DU JURA,4 226,4 226,,,,,,4 226,Indépendants,,424 983,"0,01",2017,Actualités locales,,,
LA VOIX DU MIDI,7 248,7 248,,,,,,7 248,Indépendants,,Nc.,-,2017,Actualités locales,,,
LA VOIX DU NORD,508 487,,508 487,,,,73 075,581 562,La Voix du Nord SA,,73 908 672,"0,008",2017,Actualités locales,,,
LA VOIX DU SANCERROIS,3 723,3 723,,,,,,3 723,Groupe La Montagne,,215 027,"0,017",2017,Actualités locales,,,
LA VOIX LE BOCAGE,4 256,4 256,,,,,,4 256,Indépendants,,292 085,"0,015",2017,Actualités locales,,,
L'ABEILLE DE LA TERNOISE,21 824,11 652,10 172,,,,,21 824,Indépendants ,,512 151,"0,043",2017,Actualités locales,,,
L'ACCENT BOURGUIGNON,48 000,,,,48 000,,,48 000,Indépendants ,,Nc.,-,2017,Actualités locales,,,
L'ACTION FRANCAISE 2000,4 286,4 286,,,,,,4 286,Indépendants ,,Nc.,-,2017,Politique,,,
L'ACTION REPUBLICAINE,2 416,2 416,,,,,,2 416,Indépendants,,Nc.,-,2017,Actualités locales,,,
L'ACTU,3 071,3 071,,,,,,3 071,Indépendants ,,Nc.,-,2017,Actualités,,,
L'AFFRANCHI DE CHAUMONT,3 671,3 671,,,,,,3 671,Indépendants ,,Nc.,-,2017,Actualités locales,,,
lafranceagricole.fr,268 994,,,268 994,,,,268 994,Indépendants ,,-,-,2017,Agriculture,,,
lagazettedescommunes.com,307 140,,,307 140,,,,307 140,Indépendants ,,-,-,2017,Fonction publique territoriale,,,
L'AGE DE FAIRE,42 252,42 252,,,,,,42 252,Indépendants ,,Nc.,-,2017,Initiatives citoyennes,Société,,
laicites.info,50 000,,,,50 000,,,50 000,Indépendants ,,-,-,2017,Religion,,,
L'AISNE NOUVELLE,41 321,,41 321,,,,,41 321,La Voix du Nord SA,,3 205 903,-,2017,Actualités locales,,,
lalettreA.fr,32 399,,,32 399,,,,32 399,Indépendants ,,-,-,2017,Economie,Politique,,
L'ALSACE,173 642,,173 642,,,,15 514,189 156,Groupe EBRA,,26 353 015,"0,007",2017,Actualités locales,,,
lalterego.fr,30 000,,,,30 000,,,30 000,Indépendants ,,-,-,2017,Société,,,
L'AMI DU PEUPLE HEBDO,10 698,8 686,2 012,,,,,10 698,Indépendants ,,1 170 472,"0,009",2017,Actualités locales,Religion,,
L'ANGERIEN LIBRE,23 127,4 980,,18 147,,,,23 127,Indépendants ,,180 143,"0,128",2017,Actualités locales,,,
larevuedupraticien.fr,300 999,,,300 999,,,,300 999,Indépendants ,,-,-,2017,Médecine,,,
latribune.fr,122 513,,,122 513,,,,122 513,Hima groupe ,,-,-,2017,Economie,,,
latribunedelart.com,10 800,,,10 800,,,,10 800,Indépendants ,,-,-,2017,Art,,,
lautrequotidien.fr,30 000,,,,30 000,,,30 000,Indépendants ,,-,-,2017,Actualités,,,
L'AVENIR DE L'ARTOIS,18 514,13 380,5 134,,,,,18 514,La Voix du Nord SA,,552 339,"0,034",2017,Actualités locales,,,
L'AVENIR LE CONFOLENTAIS,3 671,3 671,,,,,,3 671,Indépendants ,,,-,2017,Actualités locales,,,
LAVOIX DE L'AIN,8 647,8 647,,,,,,8 647,Indépendants ,,696 348,"0,012",2017,Actualités locales,,,
L'AXONAIS,4 853,4 853,,,,,,4 853,Indépendants ,,164 662,"0,029",2017,Actualités locales,,,
LE 1,216 589,216 589,,,,,,216 589,Indépendants ,,Nc.,-,2017,Actualités,,,
LE BERRY REPUBLICAIN,190 067,,190 067,,,,5 500,195 567,Groupe La Montagne,,9 555 066,"0,02",2017,Actualités locales,,,
LE BIEN PUBLIC,76 167,,76 167,,,,,76 167,Groupe EBRA,,13 303 838,"0,006",2017,Actualités locales,,,
LE BONHOMME PICARD,10 197,9 551,646,,,,,10 197,Indépendants ,,463 107,"0,022",2017,Actualités locales,,,
LE BULLETIN DE L'ARRONDISSEMENT DE ROUEN,2 416,2 416,,,,,,2 416,Indépendants ,,168 814,"0,014",2017,Actualités locales,,,
LE BULLETIN D'ESPALION,3 671,3 671,,,,,,3 671,Indépendants ,,271 992,"0,013",2017,Actualités locales,,,
LE CHATILLONNAIS ET L'AUXOIS,4 839,4 839,,,,,,4 839,Indépendants ,,180 543,"0,027",2017,Actualités locales,,,
LE COURRIER CAUCHOIS,36 712,36 712,,,,,,36 712,Indépendants ,,1 706 221,"0,022",2017,Actualités locales,,,
LE COURRIER DE FOURMIES,5 150,3 919,1 231,,,,,5 150,Indépendants ,,180 024,"0,029",2017,Actualités locales,,,
LE COURRIER DE GUADELOUPE,28 610,,,28 610,,,,28 610,Groupe La Montagne,,Nc.,-,2017,Actualités locales,,,
LE COURRIER DE LA MAYENNE,22 523,22 523,,,,,,22 523,Groupe La Montagne,,1 048 820,"0,021",2017,Actualités locales,,,
LE COURRIER DE L'EURE,3 754,3 754,,,,,,3 754,Hersant Média,,251 861,"0,015",2017,Actualités locales,,,
LE COURRIER DE L'OUEST,984 602,,473 938,510 664,,,,984 602,Indépendants,,30 278 626,"0,033",2017,Actualités locales,,,
LE COURRIER DE MANTES,4 297,4 297,,,,,,4 297,Indépendants,,298 323,"0,014",2017,Actualités locales,,,
LE COURRIER DES YVELINES - SAINT GERMAIN,2 509,2 509,,,,,,2 509,Indépendants,,Nc.,-,2017,Actualités locales,,,
LE COURRIER DU LOIRET,5 097,5 097,,,,,,5 097,Groupe La Montagne,,277 475,"0,018",2017,Actualités locales,,,
LE COURRIER DU PAYS DE RETZ,6 849,6 849,,,,,,6 849,Indépendants,,499 435,"0,014",2017,Actualités locales,,,
LE COURRIER FRANCAIS     -     Toutes éditions,42 807,42 807,,,,,,42 807,Indépendants ,,Nc.,-,2017,Actualités locales,,,
LE COURRIER IndépendantsPENDANT,4 143,4 143,,,,,,4 143,Indépendants,,350 097,"0,012",2017,Actualités locales,,,
LE COURRIER LIBERTE,4 432,4 432,,,,,,4 432,Indépendants ,,Nc.,-,2017,Actualités locales,,,
LE COURRIER PICARD,166 759,,166 759,,,,,166 759,La Voix du Nord SA,,17 410 434,"0,01",2017,Actualités locales,,,
LE COURRIER VENDEEN,6 063,6 063,,,,,,6 063,Indépendants,,389 291,"0,016",2017,Actualités locales,,,
LE CRESTOIS,3 671,3 671,,,,,,3 671,Indépendants ,,125 679,"0,029",2017,Actualités locales,,,
LE DAUPHINE LIBERE,1 449 143,,1 233 276,215 867,,,133 031,1 582 174,Groupe EBRA,,77 035 799,"0,021",2017,Actualités locales,,,
LE FAUCIGNY,3 671,3 671,,,,,,3 671,Indépendants ,,Nc.,-,2017,Actualités locales,,,
LE FIGARO / lefigaro.fr,2 195 972,,968 929,1 227 043,,3 452 400,51 149,5 699 521,Groupe Figaro,,97 573 165,"0,058",2017,Actualités,,,
LE JOURNAL D'ABBEVILLE,4 839,4 839,,,,,,4 839,Indépendants,,300 990,"0,016",2017,Actualités locales,,,
LE JOURNAL DE GIEN,17 326,17 326,,,,,,17 326,Groupe La Montagne,,682 058,"0,025",2017,Actualités locales,,,
LE JOURNAL DE HAM,3 671,3 671,,,,,,3 671,Indépendants ,,118 289,"0,031",2017,Actualités locales,,,
LE JOURNAL DE LA COTIERE,3 671,3 671,,,,,,3 671,Indépendants ,,Nc.,-,2017,Actualités locales,,,
LE JOURNAL DE LA HAUTE MARNE,1 072 400,158 675,913 725,,,,,1 072 400,Indépendants ,,7 575 726,"0,142",2017,Actualités locales,,,
LE JOURNAL DE L'ORNE,5 336,3 987,1 349,,,,,5 336,Indépendants,,284 142,"0,019",2017,Actualités locales,,,
LE JOURNAL DE MILLAU,11 067,7 032,4 035,,,,,11 067,Indépendants ,,299 030,"0,037",2017,Actualités locales,,,
LE JOURNAL DE MONTREUIL,9 506,6 313,3 193,,,,,9 506,La Voix du Nord SA,,254 835,"0,037",2017,Actualités locales,,,
LE JOURNAL DE SAONE ET LOIRE,95 779,,95 779,,,,,95 779,Groupe EBRA,,18 124 926,"0,005",2017,Actualités locales,,,
LE JOURNAL DE VITRE,5 997,5 997,,,,,,5 997,Indépendants,,408 122,"0,015",2017,Actualités locales,,,
LE JOURNAL D'ELBEUF,2 749,2 749,,,,,,2 749,Indépendants,,164 557,"0,017",2017,Actualités locales,,,
LE JOURNAL DES FLANDRES,12 121,3 671,8 450,,,,,12 121,La Voix du Nord SA,,162 663,"0,075",2017,Actualités locales,,,
LE JOURNAL D'ICI TARN ET LAURAGAIS,6 294,6 294,,,,,,6 294,Indépendants ,,332 756,"0,019",2017,Actualités locales,,,
LE JOURNAL DU BUGEY,3 671,3 671,,,,,,3 671,Indépendants ,,Nc.,-,2017,Actualités locales,,,
LE JOURNAL DU CENTRE,117 615,,117 615,,,,,117 615,Groupe La Montagne,,7 764 716,"0,015",2017,Actualités locales,,,
LE JOURNAL DU DIMANCHE,139 223,,139 223,,,959 400,,1 098 623,Lagardère SCA,,9 193 930,"0,119",2017,Actualités locales,,,
LE JOURNAL DU MEDOC,4 527,4 527,,,,,,4 527,Groupe Sud Ouest,,167 284,"0,027",2017,Actualités locales,,,
LE JOURNAL DU PAYS YONNAIS,3 235,3 235,,,,,,3 235,Indépendants,,Nc.,-,2017,Actualités locales,,,
LE JOURNAL DU SUD-VIENNE,3 671,3 671,,,,,,3 671,Indépendants ,,Nc.,-,2017,Actualités locales,,,
LE JOURNAL TOULOUSAIN,4 151,4 151,,,,,,4 151,Indépendants ,,Nc.,-,2017,Actualités locales,,,
LE JOURNAL TOURNON TAIN,3 671,3 671,,,,,,3 671,Indépendants ,,98 869,"0,037",2017,Actualités locales,,,
LE LITTORAL DE LA CHARENTE MARITIME,9 795,9 795,,,,,,9 795,Indépendants ,,Nc.,-,2017,Actualités locales,,,
LE MAINE LIBRE,425 694,,185 381,240 313,,,,425 694,Indépendants,,13 529 959,"0,031",2017,Actualités locales,,,
LE MEMORIAL DE L'ISERE,4 413,4 413,,,,,,4 413,Indépendants ,,226 470,"0,019",2017,Actualités locales,,,
LE MENSUEL DE RENNES,2 891,2 891,,,,,,2 891,Groupe Télégramme,,Nc.,-,2017,Actualités locales,,,
LE MENSUEL DU MORBIHAN,2 891,2 891,,,,,,2 891,Groupe Télégramme,,Nc.,-,2017,Actualités locales,,,
LE MESSAGER,23 751,23 751,,,,,,23 751,La Voix du Nord SA,,1 038 908,"0,023",2017,Actualités locales,,,
LE MIDI LIBRE,440 748,,440 748,,,,12 683,453 431,Groupe La Dépêche du Midi,,39 824 413,"0,011",2017,Actualités locales,,,
LE MONDE,1 903 249,,915 640,987 609,,3 022 200,156 027,5 081 476,Le Monde SA,,91 362 975,"0,056",2017,Actualités,,,
LE MONDE DIPLOMATIQUE,304 023,270 247,,33 776,,,,304 023,Le Monde SA,,1 957 169,"0,155",2017,Actualités,,,
LE NOUVELLISTE BOURGANEUF,3 671,3 671,,,,,,3 671,Indépendants ,,Nc.,-,2017,Actualités locales,,,
LE PARISIEN,1 647 488,,777 387,870 101,,,102 050,1 749 538,LVMH,,72 031 169,"0,024",2017,Actualités,,,
LE PATRIOTE BEAUJOLAIS VAL DE SAONE,6 164,6 164,,,,,,6 164,Indépendants ,,281 904,"0,022",2017,Actualités locales,,,
LE PAYS BRIARD,2 931,2 931,,,,,,2 931,Indépendants,,568 755,"0,005",2017,Actualités locales,,,
LE PAYS D'AUGE,8 031,8 031,,,,,,8 031,Indépendants,,1 032 308,"0,008",2017,Actualités locales,,,
LE PAYS GESSIEN,4 360,4 360,,,,,,4 360,Indépendants,,198 520,"0,022",2017,Actualités locales,,,
LE PAYS MALOUIN,8 758,8 758,,,,,,8 758,Indépendants,,531 547,"0,016",2017,Actualités locales,,,
LE PAYS ROANNAIS,30 629,30 629,,,,,,30 629,Indépendants,,980 817,"0,031",2017,Actualités locales,,,
LE PELICAN,28 373,,28 373,,,,,28 373,Indépendants ,,Nc.,-,2017,Actualités locales,,,
LE PERCHE,6 553,6 553,,,,,,6 553,Indépendants,,493 972,"0,013",2017,Actualités locales,,,
LE PETIT BLEU DE LOT ET GARONNE,279 823,52 902,226 921,,,,,279 823,Groupe La Dépêche du Midi,,2 338 910,"0,12",2017,Actualités locales,,,
LE PETIT COURRIER - L'ECHO DE LA VALLEE DU LOIR,4 125,4 125,,,,,,4 125,Indépendants,,303 388,"0,014",2017,Actualités locales,,,
LE PETIT JOURNAL TARN ET GARONNE,46 902,40 381,6 521,,,,,46 902,Indépendants ,,Nc.,-,2017,Actualités locales,,,
LE PETIT QUOTIDIEN,9 306,9 306,,,,,,9 306,Indépendants ,,Nc.,-,2017,Actualités,,,
LE PEUPLE BRETON,2 891,2 891,,,,,,2 891,Indépendants ,,Nc.,-,2017,Actualités locales,,,
LE PHARE DE RE,8 172,8 172,,,,,,8 172,Indépendants ,,Nc.,-,2017,Actualités locales,,,
LE PHARE DUNKERQUOIS,8 561,4 427,4 134,,,,,8 561,La Voix du Nord SA,,222 221,"0,039",2017,Actualités locales,,,
LE PLOERMELAIS,7 776,2 979,4 797,,,,,7 776,Indépendants,,238 817,"0,033",2017,Actualités locales,,,
LE POINT,292 951,,292 951,,,,,292 951,Groupe Sebdo-Le Point,,17 191 314,"0,017",2017,Actualités,,,François Pinault
LE POPULAIRE DU CENTRE,246 722,,246 722,,,,,246 722,Groupe La Montagne,,11 070 618,"0,022",2017,Actualités locales,,,
LE PROGRES,1 006 833,,1 006 833,,,,184 620,1 191 453,Groupe EBRA,,67 874 702,"0,018",2017,Actualités locales,,,
LE PROGRES SAINT AFFRICAIN,3 671,3 671,,,,,,3 671,Indépendants ,,Nc.,-,2017,Actualités locales,,,
LE PUBLICATEUR LIBRE,6 187,6 187,,,,,,6 187,Indépendants,,429 131,"0,014",2017,Actualités locales,,,
LE QUOTIDIEN DE LA REUNION ET DE L'OCEAN INDIEN,43 641,,43 641,,,,,43 641,Indépendants ,,6 725 626,"0,006",2017,Actualités locales,,,
LE REGIONAL,6 434,6 434,,,,,,6 434,Indépendants ,,Nc.,-,2017,Actualités locales,,,
LE REGIONAL DE COSNE,5 081,5 081,,,,,,5 081,Groupe La Montagne,,266 200,"0,019",2017,Actualités locales,,,
LE REPUBLICAIN D'UZES ET DU GARD,3 671,3 671,,,,,,3 671,Indépendants ,,Nc.,-,2017,Actualités locales,,,
LE REPUBLICAIN ESSONNE,4 558,4 558,,,,,,4 558,Indépendants ,,303 132,"0,015",2017,Actualités locales,,,
LE REPUBLICAIN LORRAIN,231 736,,231 736,,,,,231 736,Groupe EBRA,,35 634 117,"0,007",2017,Actualités locales,,,
LE REPUBLICAIN MARMANDE,8 329,8 329,,,,,,8 329,Indépendants,,536 010,"0,016",2017,Actualités locales,,,
LE REPUBLICAIN SUD GIRONDE,7 071,7 071,,,,,,7 071,Indépendants,,423 809,"0,017",2017,Actualités locales,,,
LE RESISTANT,10 182,10 182,,,,,,10 182,Indépendants ,,364 525,"0,028",2017,Actualités locales,,,
LE REVEIL DE BERCK,6 521,3 985,2 536,,,,,6 521,La Voix du Nord SA,,150 189,"0,043",2017,Actualités locales,,,
LE REVEIL DE NEUFCHATEL,6 442,6 442,,,,,,6 442,Indépendants,,476 673,"0,014",2017,Actualités locales,,,
LE REVEIL NORMAND,6 658,6 658,,,,,,6 658,Indépendants,,412 024,"0,016",2017,Actualités locales,,,
LE SEMEUR HEBDO,7 029,7 029,,,,,,7 029,Indépendants ,,351 970,"0,02",2017,Actualités locales,,,
LE TARN LIBRE,8 242,8 242,,,,,,8 242,Indépendants ,,581 706,"0,014",2017,Actualités locales,,,
LE TELEGRAMME /letelegramme.fr,1 354 251,,596 570,757 681,,,,1 354 251,Groupe Télégramme,,69 398 354,"0,02",2017,Actualités locales,,,
LE TRAVAILLEUR CATALAN,4 075,4 075,,,,,,4 075,Indépendants ,,Nc.,-,2017,Actualités locales,,,
LE TREGOR,12 481,12 481,,,,,,12 481,Indépendants,,855 452,"0,015",2017,Actualités locales,,,
LE VILLEFRANCHOIS,5 951,4 734,1 217,,,,,5 951,Groupe Télégramme,,357 447,"0,017",2017,Actualités locales,,,
L'ECHO CHARITOIS,3 671,3 671,,,,,,3 671,Groupe La Montagne,,Nc.,-,2017,Actualités locales,,,
L'ECHO D'ANCENIS ET DU VIGNOBLE,5 852,5 852,,,,,,5 852,Indépendants,,278 857,"0,021",2017,Actualités locales,,,
L'ECHO DE LA HAUTE VIENNE,747 226,145 138,602 088,,,,,747 226,Indépendants ,,Nc.,-,2017,Actualités locales,,,
L'ECHO DE LA LYS,13 020,6 727,6 293,,,,,13 020,La Voix du Nord SA,,325 076,"0,04",2017,Actualités locales,,,
L'ECHO DE LA PRESQU'ILE GUERANDAISE ET DE SAINT-NAZAIRE,13 377,13 377,,,,,,13 377,Indépendants,,759 781,"0,018",2017,Actualités locales,,,
L'ECHO DE L'ARMOR ET DE L'ARGOAT,6 802,6 802,,,,,,6 802,Indépendants,,485 109,"0,014",2017,Actualités locales,,,
L'ECHO D'ILE DE FRANCE,4 505,4 505,,,,,,4 505,Indépendants ,,Nc.,-,2017,Actualités locales,,,
L'ECHO DU BERRY,12 697,12 697,,,,,,12 697,Indépendants ,,715 661,"0,018",2017,Actualités locales,,,
L'ECHO DU THELLE,3 671,3 671,,,,,,3 671,Indépendants ,,99 796,"0,037",2017,Actualités locales,,,
L'ECHO LE REGIONAL,2 416,2 416,,,,,,2 416,Indépendants,,Nc.,-,2017,Actualités locales,,,
L'ECHO REPUBLICAIN,182 197,,182 197,,,,,182 197,Groupe La Montagne,,8 839 166,"0,021",2017,Actualités locales,,,
L'ECHO SARTHOIS,2 416,2 416,,,,,,2 416,Indépendants,,Nc.,-,2017,Actualités locales,,,
L'ECLAIR PYRENEES,272 174,47 946,224 228,,,,,272 174,Groupe Sud Ouest,,1 926 807,"0,141",2017,Actualités locales,,,
L'ECLAIREUR BRAYON,3 974,3 974,,,,,,3 974,Indépendants,,Nc.,-,2017,Actualités locales,,,
L'ECLAIREUR CHATEAUBRIAND,5 339,5 339,,,,,,5 339,Indépendants,,480 682,"0,011",2017,Actualités locales,,,
L'ECLAIREUR DU GATINAIS,17 401,17 401,,,,,,17 401,Groupe La Montagne,,775 926,"0,022",2017,Actualités locales,,,
L'ECLAIREUR VIMEU,3 705,3 705,,,,,,3 705,Groupe Sud Ouest,,232 370,"0,016",2017,Actualités locales,,,
L'ECO,71 340,71 340,,,,,,71 340,Indépendants ,,Nc.,-,2017,Economie,,,
lefilrouge.media,30 000,,,,30 000,,,30 000,Indépendants ,,-,-,2017,Actualités,,,
legeneraliste.fr,11 753,,,11 753,,,,11 753,Indépendants ,,-,-,2017,Médecine,,,
lejournaldesarts.fr,52 729,,,52 729,,,,52 729,Indépendants ,,-,-,2017,Art,,,
L'EQUIPE,1 212 716,,1 020 990,191 726,,,71 084,1 283 800,Groupe Amaury,,86 123 878,"0,015",2017,Sports,,,
lequotidiendumedecin.fr,7 882,,,7 882,,,,7 882,Indépendants ,,-,-,2017,Médecine,,,
Lequotidiendupharmacien.fr,7 882,,,7 882,,,,7 882,Indépendants ,,-,-,2017,Médecine,,,
LES AFFICHES DE LA HAUTE SAONE,4 980,4 980,,,,,,4 980,Indépendants ,,Nc.,-,2017,Actualités locales,,,
LES ALPES MANCELLES,2 416,2 416,,,,,,2 416,Indépendants ,,Nc.,-,2017,Actualités locales,,,
LES DERNIERES NOUVELLES D'ALSACE,1 679 058,,378 083,1 300 975,,,73 285,1 752 343,Groupe EBRA,,49 952 500,"0,035",2017,Actualités locales,,,
LES DOSSIERS DE L'ACTUALITE,22 400,22 400,,,,,,22 400,Bayard ,,Nc.,-,2017,Actualités,,,
LES ECHOS,829 782,,244 166,585 616,,572 400,22 996,1 425 178,LVMH,,32 882 283,"0,043",2017,Economie,Politique,,
LES ECHOS DU TOUQUET,7 055,4 165,2 890,,,,,7 055,La Voix du Nord SA,,170 587,"0,041",2017,Actualités locales,,,
LES INFORMATIONS DIEPPOISES,10 934,10 934,,,,,,10 934,Indépendants,,1 319 962,"0,008",2017,Actualités locales,,,
LES NOUVELLES CALEDONIENNES,128 822,,128 822,,,,,128 822,Indépendants ,,Nc.,-,2017,Actualités locales,,,
LES NOUVELLES DE FALAISE,2 620,2 620,,,,,,2 620,Indépendants,,Nc.,-,2017,Actualités locales,,,
LES NOUVELLES L'ECHO FLECHOIS,5 385,5 385,,,,,,5 385,Indépendants,,378 429,"0,014",2017,Actualités locales,,,
LES PAYSANS DE LA LOIRE,5 210,5 210,,,,,,5 210,Indépendants ,,194 093,"0,027",2017,Actualités locales,,,
LES SABLES VENDEE JOURNAL,9 132,9 132,,,,,,9 132,Indépendants,,540 150,"0,017",2017,Actualités locales,,,
lesjours.fr,80 547,,,80 547,,,,80 547,Media participations,,-,-,2017,Actualités,,,
L'ESSOR AFFICHES,12 921,12 921,,,,,,12 921,La Voix du Nord SA,,206 137,"0,063",2017,Actualités locales,,,
L'ESSOR BIGOURDAN,4 292,4 292,,,,,,4 292,La Voix du Nord SA,,87 840,"0,049",2017,Actualités locales,,,
L'ESSOR SARLADAIS,7 819,7 819,,,,,,7 819,La Voix du Nord SA,,342 890,"0,023",2017,Actualités locales,,,
L'ESSOR SAVOYARD,9 534,9 534,,,,,,9 534,La Voix du Nord SA,,327 841,"0,029",2017,Actualités locales,,,
l'EST ECLAIR,135 077,,135 077,,,,,135 077,La Voix du Nord SA,,7 232 421,"0,019",2017,Actualités locales,,,
L'EST REPUBLICAIN,710 851,,710 851,,,,35 775,746 626,Groupe EBRA,,43 248 686,"0,017",2017,Actualités locales,,,
L'EURE INFOS,3 272,3 272,,,,,,3 272,Indépendants,,197 999,"0,017",2017,Actualités locales,,,
L'EVEIL DE LA HAUTE LOIRE,65 138,,65 138,,,,,65 138,Groupe La Montagne,,3 340 497,"0,019",2017,Actualités locales,,,
L'EVEIL DE LISIEUX,2 728,2 728,,,,,,2 728,Indépendants,,Nc.,-,2017,Actualités locales,,,
L'EVEIL DE PONT AUDEMER,7 678,7 678,,,,,,7 678,Indépendants,,456 150,"0,017",2017,Actualités locales,,,
L'EVEIL HEBDO,3 671,3 671,,,,,,3 671,Groupe La Montagne,,218 581,"0,017",2017,Actualités locales,,,
L'EVEIL NORMAND,7 094,7 094,,,,,,7 094,Indépendants,,429 227,"0,017",2017,Actualités locales,,,
L'EXPRESS / express.fr,192 012,,96 914,95 098,,,,192 012,Altice France,,18 703 607,"0,01",2017,Actualités,,,
L'HEBDO     -     Rodez,3 671,3 671,,,,,,3 671,Indépendants ,,Nc.,-,2017,Actualités locales,,,
L'HEBDO DE CHARENTE MARITIME,22 577,3 671,,18 906,,,,22 577,Indépendants ,,149 539,"0,151",2017,Actualités locales,,,
L'HEBDO DE L'ARDECHE,3 671,3 671,,,,,,3 671,Indépendants ,,304 236,"0,012",2017,Actualités locales,,,
L'HEBDO DE SEVRE ET MAINE,3 768,3 768,,,,,,3 768,Indépendants,,346 593,"0,011",2017,Actualités locales,,,
L'HEBDO DES SAVOIE,3 671,3 671,,,,,,3 671,Indépendants ,,224 338,"0,016",2017,Actualités locales,,,
L'HEBDO DU FINISTERE,2 416,2 416,,,,,,2 416,Indépendants ,,Nc.,-,2017,Actualités locales,,,
L'HEBDOMADAIRE D'ARMOR,6 008,6 008,,,,,,6 008,Indépendants ,,304 005,"0,02",2017,Actualités locales,,,
L'HUMANITE / humanite.fr,3 910 850,3 091 406,255 879,563 565,,280 800,,4 191 650,Indépendants ,,9 069 087,"0,462",2017,Actualités,,,
LIBERATION,4 738 019,2 964 437,1 773 582,,,1 175 400,,5 913 419,Altice France,,24 451 483,"0,242",2017,Actualités,,,
LIBERATION CHAMPAGNE,244 022,28 984,215 038,,,,,244 022,La Voix du Nord SA,,1 178 147,"0,207",2017,Actualités locales,,,
L'IMPARTIAL DE LA DROME,3 671,3 671,,,,,,3 671,Indépendants ,,203 918,"0,018",2017,Actualités locales,,,
L'IMPARTIAL DES ANDELYS,9 008,9 008,,,,,,9 008,Indépendants,,511 537,"0,018",2017,Actualités locales,,,
limprevu.fr,95 612,,,95 612,,,,95 612,Indépendants ,,-,-,2017,Actualités,,,
L'IndépendantsPENDANT,66 914,,66 914,,,,5 161,72 075,Groupe La Dépêche du Midi,,17 419 388,"0,004",2017,Actualités locales,,,
L'IndépendantsPENDANT DE L'YONNE,3 671,3 671,,,,,,3 671,Groupe La Dépêche du Midi,,Nc.,-,2017,Actualités locales,,,
L'IndépendantsPENDANT DU LOUHANNAIS ET DU JURA,9 206,4 462,4 744,,,,,9 206,Groupe La Dépêche du Midi,,369 388,"0,025",2017,Actualités locales,,,
L'IndépendantsPENDANT DU PAS DE CALAIS,20 545,13 706,6 839,,,,,20 545,Groupe La Dépêche du Midi,,623 188,"0,033",2017,Actualités locales,,,
L'INDICATEUR DES FLANDRES ET DE LA VALLEE DE LA LYS,13 006,7 419,5 587,,,,,13 006,La Voix du Nord SA,,400 157,"0,033",2017,Actualités locales,,,
L'INFORMATEUR,5 593,5 593,,,,,,5 593,Indépendants ,,Nc.,-,2017,Actualités locales,,,
L'OBS,318 225,,298 662,19 563,,,,318 225,Le Monde SA,,17 677 883,"0,018",2017,Actualités,,,
L'OBSERVATEUR,60 597,39 643,20 954,,,,,60 597,Indépendants ,,2 009 624,"0,03",2017,Actualités locales,,,
L'OBSERVATEUR DE BEAUVAIS,6 649,5 944,705,,,,,6 649,Indépendants ,,277 788,"0,024",2017,Actualités locales,,,
loeildelexile.org,2 433,,,2 433,,,,2 433,Indépendants ,,-,-,2017,Société,,,
L'OPINION,2 305 216,1 213 644,1 091 572,,,68 400,,2 373 616,Indépendants ,,Nc.,-,2017,Actualités,,,
L'OPINION IndépendantsPENDANTE,4 542,4 542,,,,,,4 542,Indépendants ,,Nc.,-,2017,Actualités locales,,,
L'ORNE COMBATTANTE,9 008,9 008,,,,,,9 008,Indépendants,,612 228,"0,015",2017,Actualités locales,,,
L'ORNE HEBDO,6 940,6 940,,,,,,6 940,Indépendants,,487 945,"0,014",2017,Actualités locales,,,
LOZERE NOUVELLE,8 701,8 701,,,,,,8 701,Indépendants ,,Nc.,-,2017,Actualités locales,,,
L'UNION - L'ARDENNAIS,118 888,,118 888,,,,,118 888,La Voix du Nord SA,,27 165 990,"0,004",2017,Actualités locales,,,
L'UNION DU CANTAL,5 855,5 855,,,,,,5 855,Indépendants ,,Nc.,-,2017,Actualités locales,,,
LUTTE DE CLASSE,3 653,3 653,,,,,,3 653,Indépendants ,,Nc.,-,2017,Politique,,,
LUTTE OUVRIERE,43 846,43 846,,,,,,43 846,Indépendants ,,Nc.,-,2017,Politique,,,
L'YONNE REPUBLICAINE,83 037,,83 037,,,,11 704,94 741,Groupe La Montagne,,8 200 950,"0,012",2017,Actualités locales,,,
macommune.info,28 785,,,28 785,,,,28 785,Indépendants ,,-,-,2017,Actualités locales,,,
madeinmarseille.net,34 800,,,,34 800,,,34 800,Indépendants ,,-,-,2017,Actualités locales,,,
madeinperpignan.com,12 000,,,,12 000,,,12 000,Indépendants ,,-,-,2017,Actualités locales,,,
MANIERE DE VOIR,32 299,32 299,,,,,,32 299,Le Monde SA,,165 266,"0,195",2017,Enquêtes,,,
MARIANNE,470 861,281 604,,189 257,,,,470 861,Le Monde SA,,7 528 907,"0,063",2017,Actualités,,,
MEDIABASK,3 995,3 995,,,,,,3 995,Indépendants ,,Nc.,-,2017,Actualités locales,,,
mediatico.fr,10 339,,,10 339,,,,10 339,Indépendants ,,-,-,2017,Economie,,,
mobilitesmagazine.com,50 000,,,,50 000,,,50 000,Indépendants ,,-,-,2017,Transports,,,
MON QUOTIDIEN / monquotidien.fr,159 796,7 764,,152 032,,,,159 796,Indépendants ,,Nc.,-,2017,Actualités,,,
NICE MATIN,522 087,,199 631,322 456,,,50 336,572 423,Xavier Niel ,,26 999 091,"0,021",2017,Actualités locales,,,
NORD ECLAIR,48 580,,48 580,,,,,48 580,La Voix du Nord SA,,5 995 007,"0,008",2017,Actualités locales,,,
NORD LITTORAL,410 624,58 736,351 888,,,,,410 624,La Voix du Nord SA,,2 727 210,"0,151",2017,Actualités locales,,,
NORMANDIE LIBERTE DIMANCHE,13 741,13 741,,,,,,13 741,Indépendants ,,633 154,"0,022",2017,Actualités locales,,,
notretemps.com,71 551,,,71 551,,,,71 551,Indépendants ,,-,-,2017,Société,,,
NOUVELLES SEMAINE,3 671,3 671,,,,,,3 671,Indépendants ,,Nc.,-,2017,Actualités locales,,,
OBJECTIF LANGUEDOC ROUSSILLON,2 891,2 891,,,,,,2 891,Hima Groupe,,Nc.,-,2017,Actualités locales,,,
OISE HEBDO,28 813,28 813,,,,,,28 813,Indépendants ,,660 769,"0,044",2017,Actualités locales,,,
OUEST-FRANCE / ouest-France.fr,4 476 986,,3 231 291,1 245 695,,,,4 476 986,Indépendants,,210 324 385,"0,021",2017,Actualités,,,
pan-african-music.com,40 000,,,,40 000,,,40 000,Indépendants ,,-,-,2017,Culture,,,
PARIS MATCH,480 946,,469 695,11 251,,,,480 946,Lagardère Active,,30 280 134,"0,016",2017,Actualités,,,
PARIS NORMANDIE,127 288,7 906,119 382,,,,,127 288,La Voix du Nord SA,,16 624 676,"0,008",2017,Actualités locales,,,
PELERIN,281 604,281 604,,,,,,281 604,Bayard ,,7 566 782,"0,037",2017,Religion,,,
PENTHIEVRE,3 842,3 842,,,,,,3 842,Indépendants,,295 336,"0,013",2017,Actualités locales,,,
PETIT BLEU DES COTES D'ARMOR,4 497,4 497,,,,,,4 497,Indépendants,,332 265,"0,014",2017,Actualités locales,,,
PHILOSOPHIE MAGAZINE,100 314,100 314,,,,,,100 314,Indépendants ,,522 533,"0,192",2017,Actualités,Philosophie,,
POHER,5 193,5 193,,,,,,5 193,Groupe Télégramme,,Nc.,-,2017,Actualités locales,,,
POLITIS,167 879,167 879,,,,,,167 879,Indépendants ,,Nc.,-,2017,Actualités,,,
PONTIVY JOURNAL,4 227,3 090,1 137,,,,,4 227,Indépendants,,235 022,"0,018",2017,Actualités locales,,,
premiere.fr,129 569,,,129 569,,,,129 569,Hildegarde,,-,-,2017,Cinéma,,,
PRESENT,157 562,157 562,,,,37 800,,195 362,Indépendants ,,Nc.,-,2017,Actualités,Religion,,
PRESSE OCEAN,1 304 342,214 625,1 089 717,,,,7 609,1 311 951,Indépendants,,9 818 260,"0,134",2017,Actualités locales,,,
quotidien-libre.fr,18 000,,,,18 000,,,18 000,Indépendants ,,-,-,2017,Actualités,,,
REFORME,57 471,57 471,,,,,,57 471,Indépendants ,,Nc.,-,2017,Actualités,Religion,,
REUSSIR LE PERIGORD,5 658,5 658,,,,,,5 658,Indépendants ,,356 528,"0,016",2017,Agriculture,Artisanat,,
revue-farouest.fr,50 000,,,,50 000,,,50 000,Indépendants ,,-,-,2017,Actualités locales,,,
revuefiduciaire.gouperf.com,78 751,,,78 751,,,,78 751,Indépendants ,,-,-,2017,Droit,,,
Rfcomptable.grouperf.com,78 751,,,78 751,,,,78 751,Indépendants ,,-,-,2017,Droit,Comptabilité,,
Rfconseil.grouperf.com,78 751,,,78 751,,,,78 751,Indépendants ,,-,-,2017,Droit,,,
Rfpaye.grouperf.com,78 751,,,78 751,,,,78 751,Indépendants ,,-,-,2017,Droit,,,
Rfsocial.grouperf.com,78 751,,,78 751,,,,78 751,Indépendants ,,-,-,2017,Droit,Management,,
rollingstone.fr,54 763,,,54 763,,,,54 763,Indépendants ,,-,-,2017,Actualités,,,
Sante-et-travail.fr,38 088,,,38 088,,,,38 088,Indépendants ,,-,-,2017,Santé,,,
science-et-vie.com,211 200,,,211 200,,,,211 200,Reworld Media,,-,-,2017,Sciences,,,
SCIENCES HUMAINES,70 377,70 377,,,,,,70 377,Indépendants ,,Nc.,-,2017,Sciences,,,
SETMANA,2 891,2 891,,,,,,2 891,Indépendants ,,Nc.,-,2017,Actualités locales,,,
SILENCE,9 290,9 290,,,,,,9 290,Indépendants ,,Nc.,-,2017,Ecologie,,,
SINE MENSUEL,42 235,42 235,,,,,,42 235,Indépendants ,,Nc.,-,2017,Satire,,,
SOCIALTER,9 832,9 832,,,,,,9 832,Indépendants ,,Nc.,-,2017,Economie,,,
SOCIETY,216 955,216 955,,,,,,3 518,Indépendants ,,1 219 381,"0,178",2017,Société,,,
SUD OUEST,758 271,,698 271,60 000,,,,3 518,Groupe Sud Ouest,,86 398 911,"0,009",2017,Actualités,,,
TEMOIGNAGE CHRETIEN,47 780,47 780,,,,,,3 518,Indépendants ,,Nc.,-,2017,Religion,,,
TERRE DE CHEZ NOUS,3 671,3 671,,,,,,3 518,Indépendants ,,165 949,"0,022",2017,Agriculture,,,
THE INTERNATIONAL NEW YORK TIMES (**),175 633,,175 633,,,,26 675,3 518,Indépendants ,,5 485 418,"0,036",2017,Actualités étrangères,,,
TOPO,3 551,3 551,,,,,,3 518,Indépendants ,,Nc.,-,2017,Actualités,,,
touslesjourscurieux.fr,30 000,,,,30 000,,,3 518,Indépendants ,,-,-,2017,Photo,,,
TOUTES LES NOUVELLES,4 293,4 293,,,,,,3 518,Indépendants,,392 845,"0,011",2017,Actualités locales,,,
UP LE MAG,7 252,7 252,,,,,,3 518,Indépendants ,,Nc.,-,2017,Environnement,Ecologie,,
usbeketrica.com,211 544,,,211 544,,,,3 518,Indépendants ,,-,-,2017,Actualités,,,
VAR MATIN,466 625,,144 169,322 456,,,,3 518,Xavier Niel ,,19 147 075,"0,024",2017,Actualités,,,
VOSGES MATIN,174 114,,174 114,,,,,3 518,Groupe EBRA,,12 345 185,"0,014",2017,Actualités,,,
VSD,281 604,281 604,,,,,,3 518,Indépendants ,,4 434 881,"0,063",2017,Actualités,,,
WAHED MAGAZINE,40 000,,,,40 000,,,3 518,Indépendants ,,Nc.,-,2017,Actualités,,,
WE DEMAIN,8 608,8 608,,,,,,3 518,Indépendants ,,Nc.,-,2017,Economie,Technologies,,
wikiagri.fr,20 669,,,20 669,,,,3 518,Indépendants ,,-,-,2017,Agriculture,,,
XXI,35 463,35 463,,,,,,3 518,Indépendants ,,Nc.,-,2017,Récit,,,
YA !,3 671,3 671,,,,,,3 518,Indépendants ,,Nc.,-,2017,Actualités locales,,,
ZELIUM,3 518,3 518,,,,,,3 518,Indépendants ,,Nc.,-,2017,Satire,Littérature,,
Total aides ,65263172,,,,,,,82 274 153,,,2026441737,,,,,,